INSERT INTO [dbo].[Student] VALUES (11111, 'Felipe')
INSERT INTO [dbo].[Student] VALUES (11112, 'Andrea')
INSERT INTO [dbo].[Student] VALUES (11113, 'Juan')
INSERT INTO [dbo].[Student] VALUES (11114, 'Marcela')
INSERT INTO [dbo].[Student] VALUES (11115, 'Karen')
INSERT INTO [dbo].[Student] VALUES (11116, 'Daniela')
INSERT INTO [dbo].[Student] VALUES (11117, 'Jose')
INSERT INTO [dbo].[Student] VALUES (11118, 'Daniel')
INSERT INTO [dbo].[Student] VALUES (11119, 'Mariana')
INSERT INTO [dbo].[Student] VALUES (11110, 'Steven')

INSERT INTO [dbo].[Subject] VALUES (1, 'Matemáticas')
INSERT INTO [dbo].[Subject] VALUES (2, 'Inglés')
INSERT INTO [dbo].[Subject] VALUES (3, 'Español')
INSERT INTO [dbo].[Subject] VALUES (4, 'Biología')
INSERT INTO [dbo].[Subject] VALUES (5, 'Historia')

INSERT INTO [dbo].[AcademicRecord] VALUES(1, 11111, 0, 0, 0, 0)
INSERT INTO [dbo].[AcademicRecord] VALUES(2, 11111, 0, 0, 0, 0)
INSERT INTO [dbo].[AcademicRecord] VALUES(3, 11111, 0, 0, 0, 0)
INSERT INTO [dbo].[AcademicRecord] VALUES(4, 11111, 0, 0, 0, 0)
INSERT INTO [dbo].[AcademicRecord] VALUES(5, 11112, 0, 0, 0, 0)
INSERT INTO [dbo].[AcademicRecord] VALUES(1, 11112, 0, 0, 0, 0)
INSERT INTO [dbo].[AcademicRecord] VALUES(2, 11112, 0, 0, 0, 0)
INSERT INTO [dbo].[AcademicRecord] VALUES(3, 11112, 0, 0, 0, 0)
INSERT INTO [dbo].[AcademicRecord] VALUES(4, 11113, 0, 0, 0, 0)
INSERT INTO [dbo].[AcademicRecord] VALUES(5, 11113, 0, 0, 0, 0)
INSERT INTO [dbo].[AcademicRecord] VALUES(1, 11113, 0, 0, 0, 0)
INSERT INTO [dbo].[AcademicRecord] VALUES(2, 11113, 0, 0, 0, 0)
INSERT INTO [dbo].[AcademicRecord] VALUES(3, 11114, 0, 0, 0, 0)
INSERT INTO [dbo].[AcademicRecord] VALUES(4, 11115, 0, 0, 0, 0)
INSERT INTO [dbo].[AcademicRecord] VALUES(5, 11115, 0, 0, 0, 0)